price,rating,brand,ram,storage,color,processor
69990.0,3.4,HP,16.0,512.0,Silver,Snapdragon
68699.0,3.0,HP,16.0,512.0,Silver,Intel
44999.0,4.0,Lenovo,8.0,512.0,Silver,AMD
42990.0,3.4,Acer,8.0,256.0,Silver,AMD
73990.0,4.8,Apple,8.0,256.0,Silver,Apple
73990.0,4.7,Apple,8.0,256.0,Silver,Apple
65990.0,4.1,ASUS,16.0,512.0,Blue,Intel
72990.0,3.9,DELL,16.0,1024.0,Silver,Intel
70990.0,3.6,Lenovo,16.0,512.0,Grey,Intel
87990.0,4.2,DELL,16.0,512.0,Silver,Intel
67990.0,4.0,ASUS,16.0,512.0,Silver,Intel
42990.0,4.2,Acer,16.0,512.0,Grey,AMD
35990.0,1.0,Acer,8.0,256.0,Silver,Intel
44990.0,4.2,HP,12.0,512.0,Silver,Intel
83490.0,4.8,Apple,8.0,512.0,Indigo,Apple
44990.0,4.1,Acer,8.0,256.0,Silver,AMD
83490.0,4.8,Apple,8.0,512.0,Silver,Apple
35670.0,3.4,Acer,4.0,256.0,Silver,Intel
29990.0,3.95,HP,4.0,512.0,Grey,MediaTek
47990.0,3.8,Acer,8.0,512.0,Silver,AMD
82990.0,4.2,ASUS,16.0,512.0,Silver,Intel
342490.0,4.6,Apple,24.0,2048.0,Silver,Apple
194990.0,4.8,Apple,24.0,1024.0,Starlight,Apple
73490.0,2.5,DELL,8.0,512.0,Black,Intel
51400.0,5.0,HP,5.0,512.0,Silver,Intel
69590.0,4.0,HP,16.0,512.0,Silver,AMD
40999.0,3.95,Acer,8.0,512.0,Grey,AMD
49990.0,3.9,Acer,8.0,512.0,Black,Intel
9999.0,2.8,JioBook,4.0,512.0,Blue,MediaTek
83990.0,3.9,HP,16.0,1024.0,Silver,Intel
69990.0,3.4,HP,16.0,512.0,Silver,Snapdragon
53990.0,2.0,DELL,8.0,512.0,Black,N/A
53990.0,2.0,DELL,8.0,512.0,Black,N/A
70990.0,3.6,Lenovo,16.0,512.0,Grey,Intel
28990.0,4.3,ASUS,4.0,64.0,Grey,MediaTek
50990.0,4.4,Lenovo,8.0,512.0,Grey,AMD
28990.0,4.3,ASUS,4.0,64.0,Grey,MediaTek
46990.0,3.3,Acer,8.0,512.0,Silver,AMD
49450.0,4.1,HP,8.0,512.0,Silver,AMD
84990.0,4.0,HP,16.0,1024.0,Silver,Snapdragon
58790.0,3.95,Lenovo,5.0,512.0,Grey,Intel
65990.0,3.9,HP,16.0,1024.0,Silver,Intel
95990.0,4.1,HP,6.0,512.0,Blue,AMD
87990.0,4.2,DELL,16.0,512.0,Silver,Intel
53990.0,4.6,Lenovo,8.0,512.0,Grey,Intel
45990.0,3.4,Acer,8.0,256.0,Silver,AMD
73490.0,2.5,DELL,8.0,512.0,Black,Intel
49990.0,3.9,Acer,8.0,512.0,Black,Intel
69990.0,3.4,HP,16.0,512.0,Silver,Snapdragon
32990.0,3.95,HP,4.0,512.0,Grey,MediaTek
49990.0,3.7,Acer,8.0,512.0,Silver,AMD
40999.0,3.95,Acer,8.0,512.0,Grey,AMD
28990.0,4.3,ASUS,4.0,64.0,Grey,MediaTek
69999.0,3.5,Lenovo,16.0,512.0,Grey,AMD
87890.0,4.2,Lenovo,24.0,1024.0,Grey,Intel
50990.0,4.4,Lenovo,8.0,512.0,Grey,AMD
72990.0,3.9,DELL,16.0,1024.0,Silver,Intel
55990.0,4.1,Lenovo,8.0,512.0,Grey,AMD
60950.0,5.0,Acer,16.0,512.0,Silver,Intel
70990.0,3.6,Lenovo,16.0,512.0,Grey,Intel
53990.0,2.0,DELL,8.0,512.0,Black,N/A
68700.0,5.0,Lenovo,5.0,512.0,Grey,Intel
68699.0,3.0,HP,16.0,512.0,Silver,Intel
109990.0,3.3,HP,6.0,512.0,Blue,AMD
42999.0,3.2,HP,8.0,512.0,Black,Intel
67400.0,3.9,HP,16.0,512.0,Silver,AMD
61000.0,4.2,Lenovo,16.0,512.0,Grey,AMD
77990.0,3.7,HP,16.0,512.0,Silver,Intel
48990.0,3.5,ASUS,8.0,512.0,Silver,AMD
32990.0,4.3,Primebook,8.0,512.0,Grey,MediaTek
98990.0,3.8,HP,4.0,512.0,Silver,Intel
85900.0,3.9,MSI,16.0,512.0,Grey,Intel
85940.0,4.5,Acer,6.0,512.0,Black,Intel
77990.0,3.7,HP,16.0,512.0,Silver,Intel
60160.0,4.1,HP,16.0,512.0,Silver,Intel
49990.0,3.9,Acer,8.0,512.0,Black,Intel
40999.0,3.95,Acer,8.0,512.0,Grey,AMD
67999.0,4.2,Lenovo,16.0,512.0,Grey,AMD
24990.0,3.7,ASUS,4.0,64.0,Blue,MediaTek
73490.0,2.5,DELL,8.0,512.0,Black,Intel
69990.0,3.4,HP,16.0,512.0,Silver,Snapdragon
32990.0,4.3,Primebook,8.0,512.0,Grey,MediaTek
48990.0,3.5,ASUS,8.0,512.0,Silver,AMD
342490.0,4.6,Apple,24.0,2048.0,Silver,Apple
28990.0,4.3,ASUS,4.0,64.0,Grey,MediaTek
52990.0,3.95,Lenovo,5.0,512.0,Grey,AMD
25640.0,5.0,MaxBook,8.0,256.0,Black,N/A
132990.0,4.0,Lenovo,6.0,512.0,Grey,AMD
44990.0,5.0,Acer,8.0,256.0,Black,AMD
98990.0,3.7,Lenovo,16.0,512.0,Grey,Intel
63990.0,4.1,ASUS,16.0,512.0,Silver,Snapdragon
84990.0,2.8,Acer,32.0,1024.0,Black,AMD
66749.0,4.7,HP,8.0,512.0,Silver,Intel
69990.0,3.4,HP,16.0,512.0,Silver,Snapdragon
91700.0,3.3,Lenovo,16.0,512.0,Black,AMD
69990.0,3.4,HP,16.0,512.0,Silver,Snapdragon
229990.0,5.0,HP,8.0,1024.0,Blue,AMD
49990.0,3.9,Acer,8.0,512.0,Black,Intel
56690.0,3.6,Lenovo,16.0,512.0,Grey,AMD
249990.0,3.7,ASUS,8.0,512.0,Grey,Intel
273490.0,5.0,Lenovo,8.0,1024.0,White,Intel
40999.0,3.95,Acer,8.0,512.0,Grey,AMD
91700.0,3.3,Lenovo,16.0,512.0,Black,AMD
39850.0,3.3,Acer,12.0,512.0,Silver,Intel
73490.0,2.5,DELL,8.0,512.0,Black,Intel
70990.0,3.6,Lenovo,16.0,512.0,Grey,Intel
48990.0,4.3,Acer,8.0,256.0,Grey,Intel
84990.0,3.7,Lenovo,16.0,512.0,Blue,Intel
151890.0,4.2,Lenovo,8.0,1024.0,Grey,Intel
53990.0,2.0,DELL,8.0,512.0,Black,N/A
82990.0,3.7,DELL,16.0,512.0,Silver,Intel
184990.0,4.4,ASUS,8.0,512.0,Grey,AMD
59760.0,3.95,Lenovo,8.0,512.0,Grey,Intel
42990.0,4.5,ASUS,8.0,128.0,Black,MediaTek
85890.0,4.5,DELL,16.0,512.0,Silver,Intel
42690.0,1.0,Acer,8.0,512.0,Grey,AMD
149990.0,4.2,HP,8.0,1024.0,Black,Intel
79470.0,3.95,Lenovo,5.0,512.0,Grey,Intel
89990.0,5.0,HP,4.0,512.0,Silver,Intel
140999.0,3.5,ASUS,8.0,512.0,Black,Intel
69990.0,3.4,HP,16.0,512.0,Silver,Snapdragon
49990.0,3.9,Acer,8.0,512.0,Black,Intel
342490.0,4.6,Apple,24.0,2048.0,Silver,Apple
59990.0,4.1,Acer,16.0,512.0,Grey,AMD
140999.0,3.5,ASUS,8.0,512.0,Black,Intel
28990.0,4.3,ASUS,4.0,64.0,Grey,MediaTek
73490.0,2.5,DELL,8.0,512.0,Black,Intel
89990.0,5.0,HP,4.0,512.0,Silver,Intel
149990.0,4.2,HP,8.0,1024.0,Black,Intel
53990.0,2.0,DELL,8.0,512.0,Black,N/A
87990.0,4.2,DELL,16.0,512.0,Silver,Intel
54650.0,3.8,Acer,8.0,512.0,Silver,Intel
69990.0,4.0,HP,16.0,512.0,Silver,Intel
70990.0,3.6,Lenovo,16.0,512.0,Grey,Intel
40999.0,3.95,Acer,8.0,512.0,Grey,AMD
54899.0,3.9,Lenovo,16.0,512.0,Grey,AMD
41890.0,1.6,Acer,8.0,512.0,Black,AMD
124980.49156118144,4.2,HP,6.0,512.0,Blue,AMD
52999.0,3.95,Lenovo,16.0,512.0,Grey,Intel
136990.0,4.4,HP,8.0,1024.0,Black,AMD
62350.0,3.8,DELL,16.0,512.0,Blue,Intel
49990.0,4.0,Acer,8.0,512.0,Grey,Intel
126790.0,4.5,Lenovo,16.0,1024.0,Grey,Intel
82990.0,3.8,HP,16.0,1024.0,Silver,Intel
63990.0,3.6,HP,16.0,512.0,Silver,Intel
342490.0,4.6,Apple,24.0,2048.0,Silver,Apple
194990.0,4.8,Apple,24.0,1024.0,Midnight,Apple
73990.0,4.7,Apple,8.0,256.0,Silver,Apple
231250.0,5.0,Lenovo,32.0,1024.0,Black,Intel
87999.0,3.5,Acer,6.0,512.0,Grey,Intel
589990.0,4.3,Apple,48.0,2048.0,Black,Apple
200490.0,4.7,Apple,16.0,1024.0,Silver,Apple
349990.0,3.95,DELL,64.0,2048.0,Black,Intel
53200.0,3.1,HP,5.0,512.0,Silver,AMD
83490.0,4.8,Apple,8.0,512.0,Silver,Apple
72990.0,3.9,DELL,16.0,1024.0,Silver,Intel
68490.0,3.9,Lenovo,16.0,512.0,Grey,AMD
27490.0,4.3,Primebook,8.0,512.0,Grey,MediaTek
75990.0,3.6,HP,16.0,512.0,Silver,Intel
164990.0,3.0,HP,16.0,512.0,Silver,Intel
50490.0,3.95,Acer,8.0,512.0,Black,Intel
51100.0,3.4,DELL,5.0,512.0,Black,AMD
64390.0,3.8,Acer,16.0,512.0,Silver,Intel
55700.0,2.7,HP,8.0,512.0,Silver,Intel
93900.0,4.2,Lenovo,4.0,512.0,Grey,AMD
125990.0,4.2,HP,32.0,512.0,Black,Intel
50999.0,3.4,Acer,8.0,512.0,Black,AMD
58590.0,4.4,Lenovo,16.0,512.0,Grey,Intel
51990.0,3.8,MSI,16.0,512.0,Black,Intel
342490.0,4.6,Apple,24.0,2048.0,Silver,Apple
194990.0,4.8,Apple,24.0,1024.0,Silver,Apple
222990.0,5.0,Apple,24.0,1024.0,Sky Blue,Apple
93900.0,4.2,Lenovo,4.0,512.0,Grey,AMD
125990.0,4.2,HP,32.0,512.0,Black,Intel
73990.0,4.7,Apple,8.0,256.0,Silver,Apple
342490.0,4.5,Apple,24.0,1024.0,Silver,Apple
50999.0,3.4,Acer,8.0,512.0,Black,AMD
58590.0,4.4,Lenovo,16.0,512.0,Grey,Intel
83490.0,4.8,Apple,8.0,512.0,Sky Blue,Apple
70990.0,3.6,Lenovo,16.0,512.0,Grey,Intel
51990.0,3.8,MSI,16.0,512.0,Black,Intel
48990.0,4.0,Lenovo,8.0,512.0,Silver,AMD
60990.0,3.95,ASUS,16.0,512.0,Silver,AMD
99999.0,3.7,HP,16.0,1024.0,Silver,Intel
96500.0,4.0,Lenovo,6.0,512.0,Grey,Intel
82800.0,4.0,Lenovo,16.0,512.0,Black,AMD
75990.0,3.6,HP,16.0,512.0,Silver,Intel
193990.0,3.95,Lenovo,32.0,1024.0,Grey,Intel
100990.0,4.6,Lenovo,6.0,512.0,Grey,Intel
299990.0,3.95,ASUS,32.0,1024.0,Grey,Intel
342490.0,4.6,Apple,24.0,2048.0,Silver,Apple
194990.0,4.8,Apple,24.0,1024.0,Silver,Apple
53990.0,2.0,DELL,8.0,512.0,Black,N/A
64810.0,4.7,DELL,8.0,512.0,Black,Intel
55990.0,4.2,HP,8.0,512.0,Silver,Intel
72990.0,3.9,DELL,16.0,1024.0,Silver,Intel
132990.0,4.0,Lenovo,6.0,512.0,Grey,AMD
69990.0,3.4,HP,16.0,512.0,Silver,Snapdragon
75990.0,3.1,DELL,8.0,512.0,Silver,Intel
70990.0,3.6,Lenovo,16.0,512.0,Grey,Intel
73990.0,4.7,Apple,8.0,256.0,Silver,Apple
69990.0,3.4,HP,16.0,512.0,Silver,Snapdragon
342490.0,4.6,Apple,24.0,2048.0,Silver,Apple
172490.0,4.7,Apple,16.0,1024.0,Blue,Apple
222990.0,5.0,Apple,24.0,1024.0,Starlight,Apple
73990.0,4.7,Apple,8.0,256.0,Silver,Apple
342490.0,4.5,Apple,24.0,1024.0,Silver,Apple
83490.0,4.8,Apple,8.0,512.0,Midnight,Apple
72990.0,3.9,DELL,16.0,1024.0,Silver,Intel
70990.0,3.6,Lenovo,16.0,512.0,Grey,Intel
342490.0,4.6,Apple,24.0,2048.0,Silver,Apple
194990.0,4.8,Apple,24.0,1024.0,Sky Blue,Apple
73990.0,4.7,Apple,8.0,256.0,Silver,Apple
68699.0,3.0,HP,16.0,512.0,Silver,Intel
53990.0,2.0,DELL,8.0,512.0,Black,N/A
69990.0,3.4,HP,16.0,512.0,Silver,Snapdragon
589990.0,4.3,Apple,48.0,2048.0,Black,Apple
72990.0,3.9,DELL,16.0,1024.0,Silver,Intel
200490.0,4.7,Apple,16.0,1024.0,Silver,Apple
342490.0,4.6,Apple,24.0,2048.0,Silver,Apple
194990.0,4.8,Apple,24.0,1024.0,Silver,Apple
73990.0,4.7,Apple,8.0,256.0,Silver,Apple
69990.0,3.4,HP,16.0,512.0,Silver,Snapdragon
342490.0,4.5,Apple,24.0,1024.0,Silver,Apple
200490.0,4.7,Apple,16.0,1024.0,Silver,Apple
83490.0,4.8,Apple,8.0,512.0,Starlight,Apple
70990.0,3.6,Lenovo,16.0,512.0,Grey,Intel
342490.0,4.6,Apple,24.0,2048.0,Silver,Apple
194990.0,4.8,Apple,24.0,1024.0,Sky Blue,Apple
69990.0,3.4,HP,16.0,512.0,Silver,Snapdragon
53990.0,2.0,DELL,8.0,512.0,Black,N/A
70990.0,3.6,Lenovo,16.0,512.0,Grey,Intel
68699.0,3.0,HP,16.0,512.0,Silver,Intel
87990.0,4.2,DELL,16.0,512.0,Silver,Intel
72990.0,3.9,DELL,16.0,1024.0,Silver,Intel
49990.0,3.9,Acer,8.0,512.0,Black,Intel
342490.0,4.6,Apple,24.0,2048.0,Silver,Apple
194990.0,4.8,Apple,24.0,1024.0,Sky Blue,Apple
69990.0,3.4,HP,16.0,512.0,Silver,Snapdragon
70990.0,3.6,Lenovo,16.0,512.0,Grey,Intel
53990.0,2.0,DELL,8.0,512.0,Black,N/A
49990.0,3.9,Acer,8.0,512.0,Black,Intel
68699.0,3.0,HP,16.0,512.0,Silver,Intel
72990.0,3.9,DELL,16.0,1024.0,Silver,Intel
87990.0,4.2,DELL,16.0,512.0,Silver,Intel
342490.0,4.6,Apple,24.0,2048.0,Silver,Apple
69990.0,3.4,HP,16.0,512.0,Silver,Snapdragon
194990.0,4.8,Apple,24.0,1024.0,Starlight,Apple
53990.0,2.0,DELL,8.0,512.0,Black,N/A
87990.0,4.2,DELL,16.0,512.0,Silver,Intel
70990.0,3.6,Lenovo,16.0,512.0,Grey,Intel
62490.0,4.0,DELL,16.0,512.0,Black,Intel
72990.0,3.9,DELL,16.0,1024.0,Silver,Intel
49990.0,3.9,Acer,8.0,512.0,Black,Intel
69990.0,3.4,HP,16.0,512.0,Silver,Snapdragon
70990.0,3.6,Lenovo,16.0,512.0,Grey,Intel
53990.0,2.0,DELL,8.0,512.0,Black,N/A
68699.0,3.0,HP,16.0,512.0,Silver,Intel
73990.0,4.7,Apple,8.0,256.0,Silver,Apple
73990.0,4.8,Apple,8.0,256.0,Silver,Apple
49990.0,3.9,Acer,8.0,512.0,Black,Intel
475490.0,5.0,Apple,36.0,2048.0,Silver,Apple
172490.0,4.7,Apple,16.0,1024.0,Blue,Apple
464490.0,5.0,Apple,36.0,2048.0,Black,Apple
73990.0,4.7,Apple,8.0,256.0,Silver,Apple
73990.0,4.8,Apple,8.0,256.0,Starlight,Apple
194990.0,4.8,Apple,24.0,1024.0,Starlight,Apple
589990.0,4.3,Apple,48.0,2048.0,Black,Apple
49990.0,3.9,Acer,8.0,512.0,Black,Intel
70990.0,3.6,Lenovo,16.0,512.0,Grey,Intel
53990.0,2.0,DELL,8.0,512.0,Black,N/A
155490.0,5.0,DELL,7.0,512.0,Black,AMD
342490.0,4.6,Apple,24.0,2048.0,Silver,Apple
194990.0,4.8,Apple,24.0,1024.0,Silver,Apple
73990.0,4.7,Apple,8.0,256.0,Silver,Apple
53990.0,2.0,DELL,8.0,512.0,Black,N/A
68699.0,3.0,HP,16.0,512.0,Silver,Intel
72990.0,3.9,DELL,16.0,1024.0,Silver,Intel
49990.0,3.9,Acer,8.0,512.0,Black,Intel
62490.0,4.0,DELL,16.0,512.0,Black,Intel
57490.0,3.9,DELL,8.0,512.0,Black,Intel
70990.0,3.6,Lenovo,16.0,512.0,Grey,Intel
53990.0,2.0,DELL,8.0,512.0,Black,N/A
72990.0,3.9,DELL,16.0,1024.0,Silver,Intel
87990.0,4.2,DELL,16.0,512.0,Silver,Intel
475490.0,5.0,Apple,36.0,2048.0,Silver,Apple
62490.0,4.0,DELL,16.0,512.0,Black,Intel
68699.0,3.0,HP,16.0,512.0,Silver,Intel
73490.0,2.5,DELL,8.0,512.0,Black,Intel
49990.0,3.9,Acer,8.0,512.0,Black,Intel
475490.0,5.0,Apple,36.0,2048.0,Silver,Apple
73990.0,4.7,Apple,8.0,256.0,Silver,Apple
194990.0,4.8,Apple,24.0,1024.0,Starlight,Apple
73990.0,4.8,Apple,8.0,256.0,Sky Blue,Apple
155490.0,5.0,DELL,7.0,512.0,Black,AMD
342490.0,4.5,Apple,24.0,1024.0,Black,Apple
49990.0,3.9,Acer,8.0,512.0,Black,Intel
72990.0,3.9,DELL,16.0,1024.0,Silver,Intel
70990.0,3.6,Lenovo,16.0,512.0,Grey,Intel
475490.0,5.0,Apple,36.0,2048.0,Silver,Apple
73990.0,4.7,Apple,8.0,256.0,Silver,Apple
72990.0,3.9,DELL,16.0,1024.0,Silver,Intel
73990.0,4.8,Apple,8.0,256.0,Silver,Apple
49990.0,3.9,Acer,8.0,512.0,Black,Intel
194990.0,4.8,Apple,24.0,1024.0,Starlight,Apple
53990.0,2.0,DELL,8.0,512.0,Black,N/A
589990.0,4.3,Apple,48.0,2048.0,Black,Apple
57490.0,3.9,DELL,8.0,512.0,Black,Intel
72990.0,3.9,DELL,16.0,1024.0,Silver,Intel
342490.0,4.6,Apple,24.0,2048.0,Silver,Apple
49990.0,3.9,Acer,8.0,512.0,Black,Intel
87990.0,4.2,DELL,16.0,512.0,Silver,Intel
70990.0,3.6,Lenovo,16.0,512.0,Grey,Intel
53990.0,2.0,DELL,8.0,512.0,Black,N/A
62490.0,4.0,DELL,16.0,512.0,Black,Intel
57490.0,3.9,DELL,8.0,512.0,Black,Intel
73490.0,2.5,DELL,8.0,512.0,Black,Intel
342490.0,4.6,Apple,24.0,2048.0,Silver,Apple
194990.0,4.8,Apple,24.0,1024.0,Sky Blue,Apple
73990.0,4.7,Apple,8.0,256.0,Silver,Apple
72990.0,3.9,DELL,16.0,1024.0,Silver,Intel
53990.0,2.0,DELL,8.0,512.0,Black,N/A
68699.0,3.0,HP,16.0,512.0,Silver,Intel
70990.0,3.6,Lenovo,16.0,512.0,Grey,Intel
49990.0,3.9,Acer,8.0,512.0,Black,Intel
164990.0,3.0,HP,16.0,512.0,Silver,Intel
342490.0,4.6,Apple,24.0,2048.0,Silver,Apple
194990.0,4.8,Apple,24.0,1024.0,Sky Blue,Apple
73990.0,4.7,Apple,8.0,256.0,Silver,Apple
72990.0,3.9,DELL,16.0,1024.0,Silver,Intel
53990.0,2.0,DELL,8.0,512.0,Black,N/A
70990.0,3.6,Lenovo,16.0,512.0,Grey,Intel
87990.0,4.2,DELL,16.0,512.0,Silver,Intel
49990.0,3.9,Acer,8.0,512.0,Black,Intel
57490.0,3.9,DELL,8.0,512.0,Black,Intel
475490.0,5.0,Apple,36.0,2048.0,Silver,Apple
49990.0,3.9,Acer,8.0,512.0,Black,Intel
73990.0,4.7,Apple,8.0,256.0,Silver,Apple
155490.0,5.0,DELL,7.0,512.0,Black,AMD
72990.0,3.9,DELL,16.0,1024.0,Silver,Intel
70990.0,3.6,Lenovo,16.0,512.0,Grey,Intel
589990.0,4.3,Apple,48.0,2048.0,Black,Apple
73990.0,4.8,Apple,8.0,256.0,Starlight,Apple
53990.0,2.0,DELL,8.0,512.0,Black,N/A
342490.0,4.6,Apple,24.0,2048.0,Silver,Apple
194990.0,4.8,Apple,24.0,1024.0,Midnight,Apple
73990.0,4.7,Apple,8.0,256.0,Silver,Apple
57490.0,3.9,DELL,8.0,512.0,Black,Intel
72990.0,3.9,DELL,16.0,1024.0,Silver,Intel
53990.0,2.0,DELL,8.0,512.0,Black,N/A
70990.0,3.6,Lenovo,16.0,512.0,Grey,Intel
62490.0,4.0,DELL,16.0,512.0,Black,Intel
49990.0,3.9,Acer,8.0,512.0,Black,Intel
342490.0,4.6,Apple,24.0,2048.0,Silver,Apple
194990.0,4.8,Apple,24.0,1024.0,Midnight,Apple
73990.0,4.7,Apple,8.0,256.0,Silver,Apple
70990.0,3.6,Lenovo,16.0,512.0,Grey,Intel
53990.0,2.0,DELL,8.0,512.0,Black,N/A
57490.0,3.9,DELL,8.0,512.0,Black,Intel
72990.0,3.9,DELL,16.0,1024.0,Silver,Intel
68490.0,3.9,Lenovo,16.0,512.0,Grey,AMD
49990.0,3.9,Acer,8.0,512.0,Black,Intel
342490.0,4.6,Apple,24.0,2048.0,Silver,Apple
53990.0,2.0,DELL,8.0,512.0,Black,N/A
70990.0,3.6,Lenovo,16.0,512.0,Grey,Intel
72990.0,3.9,DELL,16.0,1024.0,Silver,Intel
68699.0,3.0,HP,16.0,512.0,Silver,Intel
101990.0,3.95,ASUS,16.0,512.0,Black,Intel
75990.0,3.6,HP,16.0,512.0,Silver,Intel
69990.0,3.4,HP,16.0,512.0,Silver,Snapdragon
87990.0,4.2,DELL,16.0,512.0,Silver,Intel
342490.0,4.6,Apple,24.0,2048.0,Silver,Apple
194990.0,4.8,Apple,24.0,1024.0,Midnight,Apple
73990.0,4.7,Apple,8.0,256.0,Silver,Apple
72990.0,3.9,DELL,16.0,1024.0,Silver,Intel
53990.0,2.0,DELL,8.0,512.0,Black,N/A
57490.0,3.9,DELL,8.0,512.0,Black,Intel
70990.0,3.6,Lenovo,16.0,512.0,Grey,Intel
589990.0,4.3,Apple,48.0,2048.0,Black,Apple
200490.0,4.7,Apple,16.0,1024.0,Silver,Apple
464490.0,5.0,Apple,36.0,2048.0,Black,Apple
194990.0,4.8,Apple,24.0,1024.0,Sky Blue,Apple
73990.0,4.7,Apple,8.0,256.0,Silver,Apple
589990.0,4.3,Apple,48.0,2048.0,Black,Apple
200490.0,4.7,Apple,16.0,1024.0,Silver,Apple
83490.0,4.8,Apple,8.0,512.0,Silver,Apple
72990.0,3.9,DELL,16.0,1024.0,Silver,Intel
57490.0,3.9,DELL,8.0,512.0,Black,Intel
70990.0,3.6,Lenovo,16.0,512.0,Grey,Intel
464490.0,5.0,Apple,36.0,2048.0,Black,Apple
49990.0,3.9,Acer,8.0,512.0,Black,Intel
194990.0,4.8,Apple,24.0,1024.0,Silver,Apple
164990.0,3.0,HP,16.0,512.0,Silver,Intel
69990.0,3.4,HP,16.0,512.0,Silver,Snapdragon
72990.0,3.9,DELL,16.0,1024.0,Silver,Intel
73990.0,4.7,Apple,8.0,256.0,Silver,Apple
589990.0,4.3,Apple,48.0,2048.0,Black,Apple
200490.0,4.7,Apple,16.0,1024.0,Silver,Apple
464490.0,5.0,Apple,36.0,2048.0,Black,Apple
73990.0,4.7,Apple,8.0,256.0,Silver,Apple
73990.0,4.8,Apple,8.0,256.0,Silver,Apple
513990.0,2.4,Apple,36.0,2048.0,Silver,Apple
194990.0,4.8,Apple,24.0,1024.0,Sky Blue,Apple
72990.0,3.9,DELL,16.0,1024.0,Silver,Intel
53990.0,2.0,DELL,8.0,512.0,Black,N/A
200490.0,4.7,Apple,16.0,1024.0,Silver,Apple
70990.0,3.6,Lenovo,16.0,512.0,Grey,Intel
68699.0,3.0,HP,16.0,512.0,Silver,Intel
464490.0,5.0,Apple,36.0,2048.0,Black,Apple
53990.0,2.0,DELL,8.0,512.0,Black,N/A
57490.0,3.9,DELL,8.0,512.0,Black,Intel
69990.0,3.4,HP,16.0,512.0,Silver,Snapdragon
72990.0,3.9,DELL,16.0,1024.0,Silver,Intel
70990.0,3.6,Lenovo,16.0,512.0,Grey,Intel
75990.0,3.6,HP,16.0,512.0,Silver,Intel
62490.0,4.0,DELL,16.0,512.0,Black,Intel
73990.0,4.7,Apple,8.0,256.0,Silver,Apple
73990.0,4.8,Apple,8.0,256.0,Silver,Apple
464490.0,5.0,Apple,36.0,2048.0,Black,Apple
589990.0,4.3,Apple,48.0,2048.0,Black,Apple
194990.0,4.8,Apple,24.0,1024.0,Starlight,Apple
167490.0,5.0,DELL,7.0,512.0,Black,AMD
69990.0,3.4,HP,16.0,512.0,Silver,Snapdragon
200490.0,4.7,Apple,16.0,1024.0,Silver,Apple
49990.0,3.9,Acer,8.0,512.0,Black,Intel
464490.0,5.0,Apple,36.0,2048.0,Black,Apple
513990.0,2.4,Apple,36.0,2048.0,Silver,Apple
73990.0,4.7,Apple,8.0,256.0,Silver,Apple
194990.0,4.8,Apple,24.0,1024.0,Starlight,Apple
73990.0,4.8,Apple,8.0,256.0,Starlight,Apple
222990.0,5.0,Apple,24.0,1024.0,Starlight,Apple
72990.0,3.9,DELL,16.0,1024.0,Silver,Intel
69990.0,3.4,HP,16.0,512.0,Silver,Snapdragon
155490.0,5.0,DELL,7.0,512.0,Black,AMD
464490.0,5.0,Apple,36.0,2048.0,Black,Apple
513990.0,2.4,Apple,36.0,2048.0,Silver,Apple
73990.0,4.7,Apple,8.0,256.0,Silver,Apple
73990.0,4.8,Apple,8.0,256.0,Midnight,Apple
194990.0,4.8,Apple,24.0,1024.0,Midnight,Apple
155490.0,5.0,DELL,7.0,512.0,Black,AMD
72990.0,3.9,DELL,16.0,1024.0,Silver,Intel
49990.0,3.9,Acer,8.0,512.0,Black,Intel
62490.0,4.0,DELL,16.0,512.0,Black,Intel
68699.0,3.0,HP,16.0,512.0,Silver,Intel
62490.0,4.0,DELL,16.0,512.0,Black,Intel
72990.0,3.9,DELL,16.0,1024.0,Silver,Intel
70990.0,3.6,Lenovo,16.0,512.0,Grey,Intel
57490.0,3.9,DELL,8.0,512.0,Black,Intel
53990.0,2.0,DELL,8.0,512.0,Black,N/A
69990.0,3.4,HP,16.0,512.0,Silver,Snapdragon
464490.0,5.0,Apple,36.0,2048.0,Black,Apple
49990.0,3.9,Acer,8.0,512.0,Black,Intel
464490.0,5.0,Apple,36.0,2048.0,Black,Apple
513990.0,2.4,Apple,36.0,2048.0,Black,Apple
73990.0,4.7,Apple,8.0,256.0,Silver,Apple
73990.0,4.8,Apple,8.0,256.0,Silver,Apple
49990.0,3.9,Acer,8.0,512.0,Black,Intel
70990.0,3.6,Lenovo,16.0,512.0,Grey,Intel
194990.0,4.8,Apple,24.0,1024.0,Sky Blue,Apple
53990.0,2.0,DELL,8.0,512.0,Black,N/A
155490.0,5.0,DELL,7.0,512.0,Black,AMD
464490.0,5.0,Apple,36.0,2048.0,Black,Apple
513990.0,2.4,Apple,36.0,2048.0,Silver,Apple
73990.0,4.7,Apple,8.0,256.0,Silver,Apple
167490.0,5.0,DELL,7.0,512.0,Black,AMD
49990.0,3.9,Acer,8.0,512.0,Black,Intel
73990.0,4.8,Apple,8.0,256.0,Starlight,Apple
72990.0,3.9,DELL,16.0,1024.0,Silver,Intel
194990.0,4.8,Apple,24.0,1024.0,Silver,Apple
69990.0,3.4,HP,16.0,512.0,Silver,Snapdragon
